Rank,Industry,Sector,Relative Strength,Percentile,1 Month Ago,3 Months Ago,6 Months Ago,Tickers
1,Computer Hardware,Technology,135.93,99,99,99,34,"QUBT,RGTI,QBTS,RCAT,IONQ,QMCO,BTCT,CRSR,SSYS,OSS,LOGI,SCKT,TACT,STX,ANET,SMCI,CRCT,PSTG,WDC,NNDM,HPQ,MKFG,DELL,NTAP,DDD,ALOT,KTCC,CAN,EBON,YIBO,DM,UAVS,AGMH"
2,Gold,Basic Materials,130.89,99,85,38,96,"CNL,GORO,ORLA,SSRM,USAU,DRD,AGI,KGC,GFI,AU,AEM,HMY,HYMC,NGD,IAG,AUST,WPM,VGZ,PAAS,FSM,FNV,DC,EQX,THM,SAND,IDR,RGLD,CDE,NEM,OR,BTG,ARMN,GOLD,CMCL,EGO,NG,GROY,PZG,CGAU,GLDG,GAU,IAUX,TRX,SA,ODV,NFGC,CTGO"
3,Silver,Basic Materials,127.4,98,78,63,98,"EXK,MAG,SVM,AG"
4,Credit Services,Financial Services,123.92,97,97,97,88,"LX,XYF,OPFI,SEZL,FOA,OPRT,FINV,QFIN,YRD,UPST,SOFI,ATLC,EZPW,SLM,QD,ENVA,LU,V,DFS,COF,PMTS,NNI,MA,FCFS,AXP,MFIN,SYF,WRLD,RM,CACC,OMCC,PT,AGM,SLMBP,OMF,ALLY,BFH,RWAY,PYPL,CPSS,AIHS,PRAA,WU,SNTG,NAVI,GDOT,MCVT,ECPG,LMFA,LPRO"
5,Utilities - Independent Power Producers,Utilities,123.41,97,97,99,98,"TLN,PAM,VST,NRG,KEN,TAC,DGXX"
6,Information Technology Services,Technology,121.32,96,99,97,87,"TSSI,CTM,VNET,GMM,INOD,MFH,GDS,ARBB,AUR,BBAI,IBEX,G,EXLS,KD,FI,WNS,IBM,MGIC,GDYN,CLPS,FORTY,APLD,BR,III,CSPI,HCKT,CTLP,WYY,CTSH,JKHY,TASK,FIS,LDOS,PENG,GIB,IT,ACN,SAIC,CNXC,CACI,JFU,INFY,GLE,JZ,JDZG,CNDT,CDW,DXC,EPAM,UIS,NOTE,DTST,VYX,ASGN,CLVT,BTCM,PSN,GLOB,TTEC,NABL,WIT,TTGT,XRX,TDTH,DMRC,SAIH,VEEA"
7,Healthcare Plans,Healthcare,120.36,95,83,34,89,"CLOV,ALHC,CVS,PGNY,NEUE,UNH,CI,ELV,MOH,HUM,CNC,OSCR"
8,Other Precious Metals & Mining,Basic Materials,119.9,95,68,61,97,"ASM,PPTA,ITRG,VOXR,TFPM,SLSR,HL,BVN,SBSW,LODE,MTA,PLG,NEWP,MUX"
9,Insurance - Property & Casualty,Financial Services,118.84,94,84,95,93,"ROOT,KINS,PRA,LMND,PLMR,HIPO,BOW,HCI,HRTG,DGICB,DGICA,THG,SKWD,PGR,UFCS,ALL,MKL,HMN,ORI,TRV,CINF,HIG,WRB,L,GBLI,KMPR,AIZ,CB,UVE,CNA,STC,KNSL,TRUP,WTM,ACIC,RLI,MCY,SAFT,SIGI,AFG,NODK,HGTY,CNFR"
10,Banks - Diversified,Financial Services,117.43,93,88,74,82,"SAN,MUFG,BCS,BBVA,HSBC,SMFG,BK,ING,WFC,JPM,C,NTB,UBS,TD,BMO,BAC,RY,CM,BNS"
11,Education & Training Services,Consumer Defensive,116.7,93,86,65,22,"LXEH,AMBO,GV,COE,DAO,SKIL,IH,LRN,UTI,ATGE,VSTA,LGCY,QSG,TAL,APEI,AACG,LINC,LAUR,GHC,LOPE,YQ,PRDO,AFYA,EDTK,GOTU,UDMY,WAFU,BEDU,STG,FEDU,STRA,COUR,EEIQ,FC,EDU,GSUN,MYND,TCTM,CHGG,GNS"
12,Scientific & Technical Instruments,Technology,116.36,92,98,46,25,"KNW,SVRE,FCUV,MIND,MVIS,ESE,FARO,ITRN,LGL,WRAP,GRMN,TDY,TRMB,GNSS,MLAB,ELSE,ITRI,KEYS,BKSY,FTV,ODYS,BMI,VNT,VPG,COHR,SOTK,ST,NOVT,ASTC,CGNX,MKSI,WATT,SOBR"
13,Broadcasting,Communication Services,115.44,91,75,20,15,"CURI,FUBO,SSP,SBGI,TGNA,GTN,NXST,MDIA,IHRT,SJ,SGA,UONE,UONEK,BBGI,CMLS"
14,Utilities - Regulated Electric,Utilities,114.78,90,84,75,76,"OKLO,ETR,EDN,TXNM,AEE,WEC,ENIC,EXC,CNP,OGE,DTE,EVRG,ED,PPL,PNW,AEP,CMS,XEL,LNT,CEPU,IDA,DUK,SO,ELPC,FTS,ELP,NWE,PEG,HE,MGEE,D,NGG,ES,POR,FE,NEE,KEP,GNE,PCG,EIX"
15,Other Industrial Metals & Mining,Basic Materials,114.12,90,82,69,29,"UAMY,TMQ,NAK,NVA,USAS,TMC,MP,SKE,USGO,VZLA,WWR,NB,LITM,EMX,IPX,LGO,NMG,GRFX,USAR,SGML,SLI,XPL,FURY,IONR,VALE,RIO,LAC,ABAT,TECK,WRN,BHP,GSM,CMP,MTRN,NEXA,PLL,LAR,ATLX,ELBM,OMEX,LZM,FMST,CRML,GTI"
16,Communication Equipment,Technology,112.53,89,96,96,91,"ASTS,COMM,TSAT,SATX,UI,BKTI,MOB,FKWL,OCC,ADTN,SATS,NOK,FEIM,VIAV,BOSC,AAOI,INSG,GILT,SYNX,NTGR,ERIC,AMPG,CSCO,LITE,CIEN,DGII,EXTR,MSI,KVHI,AUDC,MOBBW,SILC,BDC,JNPR,CLFD,UTSI,CLRO,ASNS,AVNW,VSAT,MITQ,ZBRA,HPE,HLIT,CRNT,BOXL,ONDS,LTRX,CMBM,AIRG,CMTL,SONM,SYTA"
17,Insurance - Life,Financial Services,111.43,88,70,68,80,"CIA,UNM,CNO,BHF,GL,PUK,LNC,AFL,PRI,MFC,JXN,MET,GNW,PRU,BHFAP,FG,ABL,AAME"
18,Travel Services,Consumer Cyclical,110.89,88,94,94,68,"NTRP,DESP,VCSA,RCL,TOUR,TCOM,ISPO,VIK,EXPE,MMYT,BKNG,CCL,CUK,GBTG,TNL,NCLH,LIND,TRIP,ABNB,YTRA"
19,REIT - Healthcare Facilities,Real Estate,110.01,87,61,55,92,"AHR,MPW,WELL,VTR,STRW,SILA,CTRE,SBRA,NHI,UHT,OHI,HR,DOC,LTC,GMRE,DHC,CHCT"
20,Building Materials,Basic Materials,109.67,86,20,64,70,"RETO,LOMA,TGLS,CRH,KNF,USLM,CPAC,CX,VMC,MLM,EXP,JHX,SMID,BCC,CAPS,CAPT"
21,Gambling,Consumer Cyclical,108.24,86,92,76,63,"LTRY,SGHC,EVRI,GAMB,RSI,GAN,AGS,LNW,FLUT,CDRO,BRAG,DKNG,INSE,CPHC,ACEL,IGT,CHDN,SBET"
22,Software - Infrastructure,Technology,107.25,85,95,89,43,"GRRR,EXOD,PDYN,XNET,PLTR,JG,ALLT,TUYA,UBXG,VHC,RBRK,INTZ,BB,TWLO,KPLT,SWI,PRTH,NN,ARQQ,SNCR,GB,OKTA,NYAX,FTNT,VRSN,CHKP,FFIV,NET,AVPT,CYBR,CLBT,ACIW,CSGS,TOST,NTNX,CCSI,RELY,AEVA,BLIN,XBP,CINT,GDDY,SABR,ATEN,IIIV,AFRM,AIOT,CPAY,RDWR,ZS,OSPN,PANW,CRWD,PGY,EVTC,PAYO,CORZ,PAY,GEN,USIO,CGNT,FOUR,KVYO,STNE,DBX,YEXT,LSAK,EEFT,NTCT,DOX,IOT,ODD,BOX,CALX,AUID,AISP,VERI,DOCN,ORCL,WIX,CFLT,PSFE,EVCM,GTLB,PAGS,MQ,VRAR,PRGS,TCX,APPN,QLYS,RAMP,DLO,MSFT,KSPI,S,REKR,TENB,HUBC,BASE,VRNS,BAND,RXT,WEX,ZETA,HPAI,SANG,AKAM,SNPS,DTSS,AVDX,XYZ,JNVR,BLZE,OS,PATH,FIVN,TLS,ARBE,VRNT,RVYL,MDB,BKKT,DAVA,RPD,TDC,GCT,MLGO,PAYS,APCX,MOGO,MSAI,INFA,RPAY,IMXI,TIXT,CISO,TAOP,OLB,LIDR,DVLT,FLYW,ALAR,BNAI,FAAS,RZLV,CETX,ATCH"
23,Thermal Coal,Energy,107.06,84,47,79,52,"HNRG,NC,NRP,ARLP,CNR,BTU"
24,Grocery Stores,Consumer Defensive,107.01,84,90,90,83,"SFM,NGVC,DDL,VLGEA,KR,WMK,ACI,MSS,IMKTA,GO,DNUT"
25,Telecom Services,Communication Services,106.99,83,63,54,76,"LUMN,IHS,TDS,VEON,SIFY,KORE,T,LBRDA,TMUS,LBRDK,USM,TIGO,TEO,IDT,CXDO,FYBR,KT,ATEX,WOW,RDCM,CHTR,ATUS,VOD,TEF,VZ,TIMB,ATNI,CCOI,GSAT,CHT,VIV,IRDM,PHI,SKM,CMCSA,GOGO,LILA,LILAK,TU,TKC,AMX,SHEN,BCE,TLK,LBTYB,LBTYA,RCI,LBTYK,TV,FNGR,CABO,UCL,SURG"
26,Aerospace & Defense,Industrials,106.93,82,88,93,66,"RKLB,SATL,ESLT,ACHR,ERJ,RDW,TGI,EH,PL,HWM,TATT,ATRO,KTOS,MRCY,AXON,VSEC,GE,RTX,DRS,CAE,CVU,HEI,BYRN,WWD,NPK,CW,SPR,TDG,AIR,NOC,BA,POWW,LUNR,LOAR,SKYH,DCO,RGR,VVX,CODA,PKE,SVT,BWXT,PRZO,ISSC,LHX,GD,AIRI,LMT,CDRE,TXT,HXL,HII,EVEX,DPRO,SPAI,SIF,OPXS,AVAV,KITT,HOVR,SWBI,EVTL,SPCE,SIDU,GPUS,MNTS,KWE,XTIA"
27,Beverages - Non-Alcoholic,Consumer Defensive,106.72,81,93,83,62,"BRFH,ZVIA,PRMB,COKE,COCO,CCEP,MNST,KO,KOF,KDP,PEP,CELH,FIZZ,STKL,SHOT"
28,Utilities - Regulated Water,Utilities,106.43,81,54,61,52,"ARIS,SBS,AWK,CDZI,MSEX,WTRG,CWCO,PCYO,AWR,CWT,SJW,YORW,GWRS,ARTNA"
29,Electronic Components,Technology,106.25,80,95,98,61,"KULR,NEON,CLS,OUST,LPTH,VICR,OSIS,LINK,MTEK,KOPN,TTMI,GLW,JBL,SANM,FLEX,CPSH,LYTS,PLXS,BELFB,APH,BHE,RELL,TEL,DAKT,DSWL,FN,ALNT,GAUZ,SELX,MPTI,KN,DAIO,OLED,LFUS,CTS,BELFA,ELTK,REFR,OST,ROG,OPTX,SGMA,MEI,WBX,IMTE,HOLO"
30,Banks - Regional,Financial Services,105.72,79,77,84,81,"SUPV,OPOF,BBAR,CCB,BAFN,DB,VBFC,GGAL,MFG,NWG,LYG,LARK,NBN,CIB,FINW,USCB,IFS,TCBX,AVAL,IROQ,EBTC,LSBK,CPBI,FCAP,UNTY,TBBK,FSFG,OVBC,RBKB,FSEA,FUSB,CFFI,HWBK,FLG,BYFC,GNTY,ESQ,PDLB,FBMS,SBFG,FRAF,SSBI,CBNK,BSAC,SYBT,NIC,PBBK,HAFC,PWOD,CBAN,CASH,SMBK,THFF,BMA,FXNC,BLX,HNVR,EFSC,FBIZ,PBHC,MRBK,EBMT,FHN,NSTS,BFIN,CFSB,MGYR,FUNC,BSRR,NRIM,BMRC,BANR,HFWA,MCB,BCH,FDSB,BVFL,UVSP,WNEB,DCOM,NECB,BOTJ,ONB,INTR,RVSB,BRBS,CIVB,TMP,PNFP,NBBK,FISI,TCBS,MOFG,SRBK,CCBG,TOWN,UNB,BSVN,CPF,CZFS,TCBI,SRCE,PBFS,ECBK,HIFS,BAP,BFC,INDB,SSBK,SFBS,OBK,CZNC,PVBC,CAC,FRME,EVBN,EBC,COLB,HTB,SNV,CARE,SFBC,EWBC,BANF,CNOB,RNST,IBN,CBFV,TRMK,ACNB,OSBC,CTBI,AUBN,FBK,HBT,CBU,ITUB,CBSH,HBCP,BWFG,FCCO,HOMB,WASH,HFBL,MTB,BRKL,BCML,HBNC,PLBC,BOH,FRBA,VLY,MYFW,CFR,NFBK,HWC,BWB,CZWI,FFNW,MBWM,CMA,ZION,BSBK,IBOC,WSFS,CUBI,WAL,STEL,FNWD,CFG,FFIN,RBCAA,UMBF,SPFI,BKU,PGC,UBFO,HTBK,WBS,FBNC,BY,VLYPP,PFBC,FHB,PCB,HBAN,VBTX,SMBC,WTBA,WTFC,QCRH,CHCO,WSBC,BHLB,IBCP,FLIC,FSBC,SHBI,UBCP,HDB,OZK,ABCB,TSBK,SASR,PB,TFC,NEWT,WF,SSB,NBTB,CATY,BFST,AX,CLST,BSBR,GABC,BOKF,GBCI,VLYPO,WTFCM,KFFB,FBP,WABC,VABK,EQBK,KEY,CFBK,BHB,STBA,ASB,SFNC,FFBC,FCF,BPOP,FCNCA,FSUN,SBCF,ESSA,TECTP,FULT,OFG,RF,PFS,OCFC,OPBK,AMAL,CHMG,LC,MBCN,WSBF,MPB,PNC,FNLC,GLBZ,LNKB,CVBF,SBT,FMBH,FITBI,TCBK,SFST,UCB,RMBI,BBD,PRK,FITB,NU,BBDO,CADE,FIBK,CFFN,FCBC,RRBI,GSBC,TRST,NBHC,PKBK,PEBO,BHRB,ORRF,PFIS,EFSI,CCNE,BCAL,ISTR,NWBI,LCNB,ATLO,FNB,BANC,OPHC,FFIC,UBSI,USB,SBSI,FSBW,TFSL,MCBS,KB,MNSB,MBIN,FMAO,PROV,FNWB,BLFY,AMTB,AROW,COFS,FMNB,NWFL,KRNY,EGBN,CLBK,CWBC,BPRN,OVLY,OBT,PEBK,HONE,NKSH,LKFN,BUSE,PPBI,ASRV,ALRS,TBNK,WAFD,SHG,HOPE,AUB,AFBI,JMSB,BCBP,WMPN,FDBC,MVBF,FRST,FVCB,INBK,RBB,VBNK,CARV,FGBI,GCBC,HMST,MSBI,FFWM,TFIN,LOB,PNBK,SHFS"
31,Restaurants,Consumer Cyclical,104.82,78,76,62,49,"YOSH,REBN,EAT,BROS,HDL,YUMC,RAVE,NATH,DRI,YUM,CAKE,PTLO,PETZ,SBUX,MCD,NDLS,FATBB,PBPB,BH,DPZ,TXRH,BDL,BJRI,ARCO,FAT,BTBD,CNNE,QSR,GTIM,PZZA,LOCO,WEN,RICK,FWRG,CAVA,SHAK,ARKR,THCH,SG,STKS,CBRL,CMG,RRGB,GENK,DIN,WING,JACK,KRUS,DENN,BLMN,CHSN"
32,Engineering & Construction,Industrials,104.82,78,72,88,95,"WLGS,JUNE,VATE,AGX,WLDN,TPC,IESC,MTZ,PRIM,MTRX,ROAD,GVA,STN,APG,EME,J,FIX,CDLR,ACM,DY,PWR,STRL,MYRG,GLDD,ESOA,ACA,BWMN,NVEE,EXPO,BBCP,KBR,FLR,BLD,SLND,RITR,ORN,TTEK,SHIM,AMRC,BLNK,PGHL"
33,Oil & Gas Integrated,Energy,104.72,77,57,43,23,"YPF,NFG,TGS,SLNG,CVX,EC,SHEL,IMO,E,BP,EQNR,XOM,SU,TTE,PBR,CRGY,CVE,VIVK,CGBS"
34,Insurance - Diversified,Financial Services,104.69,77,51,58,61,"IGIC,WDH,AIG,BNT,AEG,ESGR,SLF,ESGRP,ACGL,ESGRO,ACGLO,FIHL,FGF"
35,Shell Companies,Financial Services,104.67,76,73,79,37,"UMAC,DECA,MSSA,GATE,HSPO,AFJK,DMYY,BUJA,ALCY,IVCA,KVAC,OAKU,BAYA,JVSA,AITR,CLRC,ATMC,ATMV,EMCG,AACT,QETA,IROH,RENE,FORL,GLAC,SKGR,DYCQ,SVII,NETD,GDST,TBMC,ISRL,SPKL,ANSC,EURKU,FSHPU,HYAC,BKHA,LEGT,IBAC,GBBK,YOTA,HLXB,FSHP,CEP,HCVI,AAM,DTSQ,GPAT,EURK,DTSQU,GIG,GRAF,ESHA,PCSC,HONDU,DIST,BSIIU,BOWN,BSLK"
36,Entertainment,Communication Services,104.53,75,59,80,65,"KUKE,CNVS,LLYVA,LLYVK,FOX,IMAX,FOXA,AGAE,AENT,NFLX,TKO,WBD,ROKU,MCS,LYV,PARA,FWONA,CNK,FWONK,NWS,PARAA,BATRA,WMG,BATRK,NWSA,GAIA,MSGS,RDIB,DIS,RSVR,RDI,SIRI,IQ,HUYA,BREA,MANU,SPHR,TOON,AMCX,ANGH,AMC,LVO,PLAY,HOFV,CPOP,MPU,BLMZ,NIPG,ADD"
37,Specialty Industrial Machinery,Industrials,103.56,74,87,93,94,"PSIX,NNE,OPTT,SMR,RR,SERV,MWA,XMTR,MIR,JBTM,LASE,IVAC,MIDD,PH,OTIS,NPO,GTES,CR,CMI,EPAC,WTS,KAI,GTLS,KRNT,FLS,EMR,JCSE,AME,THR,ITT,ITW,DOV,GGG,PNR,GHM,CSWI,AMSC,LXFR,FELE,DCI,ROK,XYL,GNRC,BURU,GRC,SXI,ETN,ATS,TNC,CXT,SPPL,NDSN,HURC,IR,AOS,IEX,ENOV,PKOH,CVV,SHMD,SYM,CETY,OFLX,HI,RRX,HLIO,TAYD,BLDP,TWIN,BWEN,BW,TPIC,XCH,NPWR"
38,Utilities - Regulated Gas,Utilities,103.52,74,65,48,41,"UGI,NI,SR,ATO,SPH,OGS,CPK,NJR,NWN,SWX,BKH,RGCO,BIPC,NFE,CTRI,OPAL"
39,Insurance - Specialty,Financial Services,102.91,73,56,66,68,"TIPT,AXS,RYAN,FNF,ITIC,FAF,EIG,AMSF,ACT,MTG,AGO,MBI,NMIH,RDN,ESNT,AMBC,JRVR"
40,Utilities - Renewable,Utilities,102.71,72,74,92,38,"WAVE,GEV,BNRG,AMPS,CWEN,ELLO,EBR,CEG,BEPC,ORA,SUUN,BEP,ENLT,RNW,CREG,VGAS,STEM,NRGV,NXXT,XIFR,HTOO,FLNC"
41,Oil & Gas Equipment & Services,Energy,102.63,72,70,60,21,"LB,NCSM,SEI,FTK,NEXT,FET,AROC,KGS,BKR,SND,USAC,TS,EFXT,RNGR,INVX,FTI,OIS,ACDC,NGS,CHX,NINE,VTOL,DWSN,SLB,TTI,MRC,WTTR,OII,NESR,NOV,HLX,RES,PUMP,CLB,AESI,WHD,HAL,NOA,RCON,NPKI,LBRT,VAL,DTI,GEOS,KLXE,XPRO,TDW,WFRD"
42,Integrated Freight & Logistics,Industrials,102.55,71,78,23,9,"JYD,PBI,CRGO,ATXG,CHRW,RLGT,EXPD,ZTO,UPS,JBHT,PAL,FDX,GXO,HUBG,SFWL,LSTR,SGLY,FWRD,GVH,CYRX,PSIG,LSH,BTOC"
43,Software - Application,Technology,102.5,70,90,95,33,"IDAI,KC,AZ,NUKK,OCFT,PRCH,APP,XTKG,STEC,CRNC,APPS,DAVE,DUOT,MTC,ALTS,MRT,SRAD,BLBX,API,QH,DATS,MSTR,IDCC,RMNI,YMM,RDVT,EXFY,INUV,GRND,PYCR,LGTY,SSTI,INTA,ML,DOCU,SOUN,CCRD,GWRE,AIFF,SAP,VS,OOMA,INLX,SHOP,CVLT,KLTR,RBBN,PAYC,KARO,ENFN,SSNC,GRAB,YALA,DUOL,CWAN,MAPS,TEAM,ALTR,AMPL,ASUR,PCTY,LPSN,IDN,MNDY,LIF,FICO,ADEA,OLO,SNOW,TRAK,PAR,DOMO,UBER,UPLD,ADP,QTWO,PAYX,SOPA,YOU,HTCR,FRSH,ZM,TYL,ROP,FROG,VMEO,MNDO,DBD,U,BLND,PEGA,DT,AWRE,DSP,PCOR,NATL,NUKKW,ESTC,WK,ADSK,WDAY,HUBS,DSGX,ANSS,SYT,CRM,PD,NRDY,BTDR,INTU,CXM,ZI,NOW,PERF,RSKD,DAY,EGHT,ASAN,VERX,MLNK,SMWB,APPF,NTWK,BRZE,BL,ALRM,NCNO,BIGC,RSSS,MTLS,ALKT,DJCO,SPNS,PTC,CDNS,HKIT,ONTF,OTEX,MITK,NICE,ELWS,BSY,IMMR,EGAN,LYFT,PRO,AMST,XPER,JAMF,BLKB,PLUS,DDOG,ZENV,RNG,NXPL,ALIT,ADBE,LDTC,UPBD,OBLG,CCCS,FSLY,HKD,SEMR,IPM,PSQH,DHX,BILL,LAW,MYSZ,AI,LSPD,SWVL,AIXI,VTSI,AEYE,VTEX,DFIN,SPT,AGYS,SPSC,MRIN,DV,MFI,DCBO,PDFS,SMSI,MANH,IFBD,PHUN,LGCL,ETWO,JTAI,RDZN,EB,SMRT,PET,BMR,CREX,PUBM,IBTA,QXO,TTD,ULY,VERB,CXAI,FTFT,RYDE,AUUD,FRGT,SVCO,CNTM,TROO,ILLR,AMOD,BNZI,YXT,BZAI,TGL,NVNI,ORKT,NXTT,FMTO,SGN,RTC,LYT,CYN"
44,Internet Retail,Consumer Cyclical,102.23,70,91,87,44,"JFBR,QVCGB,TDUP,BABA,SE,LQDT,RERE,JD,CHWY,HOUR,LOGC,DADA,MELI,HEPS,JWEL,VIPS,PDD,EBAY,CPNG,BZUN,OCG,CART,AMZN,NHTC,MOGU,RVLV,GLBE,YJ,ZKH,ETSY,IPW,DIBS,W,BYON,JMIA,NEGG,MI,QVCGA,LGCB,DTC,WNW"
45,Oil & Gas Midstream,Energy,102.17,69,49,37,55,"TRGP,EE,GEL,BANL,WMB,KMI,DTM,AM,LNG,CQP,MPLX,SMC,HESM,PAGP,GLNG,KNTK,PAA,GLP,ENB,EPD,TRP,OKE,ET,WES,PBA,MMLP,SBR,DLNG,DHT,VNOM,KNOP,MARPS,NGL,FLNG,TK,NVGS,BROG,FRO,PBT,NAT,IMPP,TEN,TNK,TOPS,INSW,PXS,CMBT,LPG,TRMD,STNG,CLCO,BPT"
46,Real Estate Services,Real Estate,102.04,68,33,31,65,"OMH,COMP,ALBT,RDFN,BEKE,NYC,IRS,CBRE,AIRE,RFL,DOUG,NEN,REAX,JLL,CSGP,BPYPP,NMRK,MMI,FSV,GYRO,CIGI,FRPH,TCI,RMAX,MAYS,KW,EXPI,CWK,HOUS,GBR,MLP,ARL,UK,ASPS,RMR,STHO,WETH,SRG,SEG,OPEN,DUO,FTHM,OPAD,UOKA,LRHC"
47,Airlines,Industrials,101.93,68,93,90,16,"SRFM,ATSG,UAL,LTM,LUV,ALK,SKYW,CPA,FLYX,SNCY,RYAAY,ULCC,DAL,ALGT,JBLU,AAL,MESA,VLRS,AZUL"
48,REIT - Specialty,Real Estate,101.83,67,53,54,72,"PW,EPR,AMT,GLPI,CCI,PCH,SBAC,UNIT,SELF,LANDM,EQIX,OUT,WY,FPI,DLR,RYN,LAMR,IRM,LAND"
49,Infrastructure Operations,Industrials,101.67,66,63,78,64,"BEEP,FER,VRRM"
50,Financial Conglomerates,Financial Services,101.39,65,41,31,68,"FRHC,TREE,HTH,IX,VOYA,RILY"
51,Insurance Brokers,Financial Services,101.12,65,67,45,50,"SLQT,GSHD,EHTH,BRO,AJG,GOCO,TWFG,BWIN,AON,WTW,CRVL,MMC,ERIE,HUIZ,TIRX,RELI,XHG,ZBAO,AIFU"
52,Metal Fabrication,Industrials,100.86,63,77,81,78,"CRS,CMPO,AP,TG,MTEN,MLI,ESAB,PRLB,NWPX,RYI,GIFI,HIHO,ATI,IIIN,MEC,WOR,TPCS,SGBX,TRSG"
53,Security & Protection Services,Industrials,100.86,63,69,71,12,"SPCB,SNT,GEO,CXW,MG,UUU,ADT,NL,BRC,ALLE,EVLV,BKYI,IVDA,BCO,VRME,MSA,CIX,GFAI,NSSC,SUGP,BAER,KSCP"
54,Medical Care Facilities,Healthcare,100.7,63,72,18,59,"NUTX,TOI,NIVF,AVAH,AGL,MD,OPCH,GRDN,FMS,EHC,JYNT,CHE,LFST,EHAB,BKD,AMED,DVA,SGRY,HCA,CON,ENSG,KDLY,THC,SEM,AUNA,CCEL,SNDA,AMS,UHS,HCSG,PNTG,CCRN,NHC,CCM,ARDT,USPH,ASTH,CYH,ADUS,INNV,DCGO,AMN,BTMD,PACS,SYRA,CMPS,ACHC,PIII,AIRS,BACK,MODV"
55,Food Distribution,Consumer Defensive,100.68,62,81,77,78,"UNFI,WILC,CHEF,MTEX,USFD,HFFG,SPTN,PFGC,SYY,CVGW,ANDE,DIT,AVO,TWG"
56,REIT - Residential,Real Estate,100.45,61,49,57,77,"ELME,MAA,IRT,ESS,CPT,AIV,SUI,UMH,UDR,ELS,VRE,BRT,EQR,INVH,AVB,AMH,CSR,NXRT,BHM,CLPR"
57,Beverages - Brewers,Consumer Defensive,100.0,61,10,17,24,"CCU,BUD,ABEV,TAP,FMX,SAM,STZ"
58,Asset Management,Financial Services,99.45,60,56,50,56,"ASA,CEE,BRDG,EQH,GCMG,SSSS,GF,CHN,TDF,TYG,WHG,NXG,RAND,EMO,KYN,PX,RCG,HNNA,DPG,BBUC,NML,JEQ,VCTR,CRBG,GLAD,RMCO,PFX,MAIN,STEP,SWZ,FSCO,UTG,HTD,HLNE,TRIN,BN,CUBA,MHF,SPE,AB,SII,MSD,GGN,GHY,GLU,BCV,CAF,STEW,TSLX,GEG,SLRC,NTRS,EMF,DNP,STT,JOF,GNT,NAZ,ISD,ERH,APO,MCI,BAM,FGB,SABA,BTO,GOF,PDT,FHI,IGA,FT,JRI,FCO,FINS,UTF,ECF,RJF,BXSL,NOAH,SCM,SRV,DMA,IGD,FFC,BGR,ARCC,BRW,FLC,BGY,TURN,PDI,BLK,SAR,THQ,FDUS,EOD,BCX,PGP,PFG,OWL,BDJ,PFO,SEIC,PAI,NMT,RNP,FSK,AMP,HIO,JPC,GAB,BANX,GDL,JLS,EEA,VCV,AC,EDD,SPXX,PFD,DMF,DFP,GGZ,JMM,NMI,EDF,CET,PNNT,WIW,BOE,PAXS,GDV,WIA,WEA,HASI,RLTY,PFN,PGZ,NPFD,BUR,DHF,PFL,FPF,TEI,RQI,BUI,NBB,BMN,NIM,SWKH,BGH,MRCC,BBDC,CMU,EMD,BTT,MHI,VGI,AOD,DTF,DMB,IHD,PIM,JGH,RFI,BCSF,ERC,NUW,NAN,EAD,DBL,AAMI,PEO,JHG,GCV,CXH,ETY,NKX,HTGC,OPP,NUV,OXLCO,PSF,NXN,EVV,PCF,JRS,PFLT,BBN,JHS,NMZ,FMY,BWG,AWF,FTF,MGF,NPV,RA,GRX,MIN,PMM,JHI,JPI,IDE,ETG,BLW,NMS,GRF,MAV,LEO,BTZ,PCN,NNY,DMO,OFS,BX,PTA,EVN,MCR,PMO,PHT,ETW,GAIN,GAM,HYI,TSI,DSL,GBDC,PTY,ENX,VGM,EXG,MFM,NVG,CXE,SCD,NMCO,DIAX,NCA,PPT,PHK,HNW,HEQ,MVT,HPI,HPF,NEA,EVG,BGB,MMT,NAD,VINP,NAC,FOF,DSM,EOS,IAE,MUJ,LIEN,MVF,FAX,IQI,IGR,IIM,NBH,BSL,SAMG,NPCT,FCT,GUT,CIF,GLV,SBI,PCK,VKQ,MMU,HQH,EOT,AMG,AWP,AVK,BKT,AEF,ICMB,ETX,MIY,OBDC,MUE,BFK,BME,EVM,VKI,NXC,EVT,FFA,BHK,CGBD,HYT,AFB,ETO,RIV,NCZ,NZF,VTN,PYN,TY,HPS,BIT,EHI,NCV,PNF,KTF,CIK,GECC,BLE,NHS,MQT,ARES,JCE,NFJ,TEAF,NXP,VMO,MHD,VFL,BNY,MYI,THW,GDO,VPV,HIX,BXMX,FUND,BGX,ETV,VLT,MUC,NXJ,NOM,NIE,CSQ,PNI,CLM,MHN,EIC,RGT,MYN,CEV,CHW,PML,RVT,IGI,MYD,KF,DSU,CSWC,CG,USA,PHD,ETJ,GBAB,BYM,JFR,FMN,GLQ,NRK,ETB,CII,OIA,GLO,QQQX,MPV,NQP,EIM,BHV,PAX,PMF,PMX,BGT,EOI,MXE,RMM,PCQ,BKN,MQY,GGT,OXSQ,HQL,FRA,CNS,ARDC,KKR,BSTZ,IIF,SOR,EFR,BST,MMD,VBF,MXF,LGI,TPG,TPVG,BTA,DHIL,CGO,EFT,JQC,APAM,CCAP,ACP,MUA,BFZ,IVZ,NMFC,EVF,ADX,IAF,OCSL,CCD,MFIC,CRF,CION,MPA,ACV,LRFC,PZC,GROW,RCS,OCCI,KIO,STK,CWD,HRZN,RMT,BEN,IFN,ASG,CCIF,HFRO,OXLC,EQS,CHY,GSBD,MCN,WT,VVR,CHI,PTMN,PSEC,EARN,TCPC,ECC,WHF,AMTD,PCM,TROW,TWN,VRTS,DBRG,INV,MGLD,BCG,ALTI,PWM,BENF,HPH"
59,REIT - Retail,Real Estate,99.21,59,53,63,68,"WHLRP,WHLRD,ADC,CURB,EPRT,FCPT,REG,WSR,IVT,GTY,CBL,AKR,O,SKT,BRX,SPG,PINE,ALX,MAC,NNN,ALEX,KIM,PECO,NTST,UE,BFS,KRG,FRT,SITC,WHLR"
60,Electrical Equipment & Parts,Industrials,99.06,59,59,72,11,"LTBR,EOSE,AMPX,BE,RFIL,RAYA,SKYX,ADN,EPOW,ADSE,NEOV,PLPC,ELVA,ESP,POWL,ENS,AEIS,TE,APWC,AYI,ENVX,ENR,HAYW,NXU,POLA,VRT,CCTG,KE,CBAT,FLUX,HUBB,NVT,PPSI,EAF,NVX,IPWR,ULBI,PLUG,ATKR,GWH,FCEL,DFLI,STI,XPON,SDST"
61,Drug Manufacturers - General,Healthcare,98.96,58,34,10,46,"GILD,MIRA,BMY,ABBV,SNY,AMGN,NVS,JNJ,AZN,GRFS,GSK,LLY,PFE,OGN,MRK,AMRN,BIIB,NVO,SCLX"
62,Internet Content & Information,Communication Services,98.75,57,68,68,32,"TRVG,JFIN,SPOT,EVER,RDDT,GENI,GRPN,ZH,AREN,DASH,CMCM,BZ,DJTWW,YY,BILI,TME,RUM,ZG,Z,WB,OPRA,META,LCFY,ATHM,UPWK,BIDU,FENG,IAC,ONFO,BODI,MOMO,SOGP,ZDGE,PINS,FVRR,IZEA,YELP,GOOG,GOOGL,CCG,BZFD,MTCH,GIFT,THRY,PODC,PERI,SCOR,DOYU,SNAP,TBLA,ANGI,OB,DJT,KIND,GETY,SEAT,NRDS,MAX,ASST,MNY,WBTN,SSTK,BMBL,TRUE,SLE,UPXI,STBX,DGLY"
63,Steel,Basic Materials,98.49,56,38,9,18,"ZKIN,RDUS,MT,ACNT,MSB,X,FRD,STLD,RS,TX,SIM,GGB,PKX,CMC,SID,HLP,NUE,INHD,HUDI,CLF,WS,MTUS,ZEUS,ASTL,KBSX"
64,REIT - Mortgage,Real Estate,98.21,56,44,20,45,"ACR,CHMI,DX,LFT,MITT,BXMT,NLY,TWO,EFC,LOAN,KREF,NREF,PMT,NYMT,RITM,AGNC,ARI,AGNCN,LADR,STWD,NYMTN,FBRT,AGNCM,TRTX,ORC,IVR,MFA,REFI,SEVN,BRSP,ARR,CIM,AOMR,RPT,RWT,SUNS,ABR,GPMT,ACRE,AFCG,CMTG,RC,SACH"
65,Lodging,Consumer Cyclical,97.87,55,80,67,60,"ATAT,SHCO,HTHT,WH,HLT,CHH,IHG,GHG,MAR,CVEO,H,INTG,SOND"
66,Discount Stores,Consumer Defensive,97.76,54,61,70,58,"BJ,WMT,OLLI,COST,TBBB,PSMT,DG,DLTR,TGT"
67,Diagnostics & Research,Healthcare,97.68,54,71,84,84,"WGS,STIM,GRAL,GH,ATLN,PSNL,XGN,OPK,OCX,NTRA,PRPO,CDNA,DGX,VCYT,WAT,LH,ACRS,BNR,TWST,NOTV,RVTY,TMO,SHC,MTD,QGEN,IDXX,MEDP,A,IQV,DHR,CHEK,CSTL,FLGT,FONR,CRL,EXAS,RDNT,PRE,STRR,ICLR,ILMN,MDXH,NEO,NEOG,XWEL,BDSX,MYGN,ENZ,NDRA,ME,ISPC,PRPH,BIAF,AWH,APDN"
68,Drug Manufacturers - Specialty & Generic,Healthcare,97.35,53,36,42,36,"SXTC,ETON,CPIX,BGM,TKNO,ITCI,ORGO,AKBA,PRFX,HROW,ALKS,DERM,KMDA,PAHC,AMRX,BCRX,LNTH,PCRX,SNOA,DVAX,PBH,KNSA,LFCR,TAK,HLN,CPHI,ANIP,EBS,QNTM,EOLS,PRGO,SUPN,ACB,ZTS,HCM,RDY,BHC,ALVO,OPTN,TEVA,COLL,AQST,CYTH,INCR,CRON,NBIX,SIGA,IMCC,TLPH,ESPR,SCYX,BFRI,VTRS,DRRX,EVO,INDV,ANIK,ELAN,ASRT,CRDL,AKAN,AVDL,AMPH,OGI,AYTU,RMTI,TXMD,BIOA,EVOK,INM,FLGC,YCBD,SBFM,TLRY,SHPH,IXHL,RDHL,CTOR,IRWD,CGC,PTPI,UPC"
69,Real Estate - Diversified,Real Estate,96.76,52,28,44,90,"CHCI,HHH,JOE,STRS"
70,Rental & Leasing Services,Industrials,96.6,52,64,70,73,"WLFC,HEES,AER,GATX,FTAI,MWG,CTOS,R,MGRC,AL,FPAY,UHAL,HTZ,URI,HRI,WSC,PRG,VSTS,ALTG,CAR,ZCAR"
71,Auto & Truck Dealerships,Consumer Cyclical,96.56,51,55,74,29,"JZXN,CANG,UXIN,CVNA,DRVN,KAR,GPI,MCW,RUSHB,RUSHA,SAH,CARG,ABG,AN,LAD,PAG,KFS,KMX,CRMT,VVV,ACVA,CWH,CARS,RMBL,GORV,SDA,AZI,UCAR,CTNT,KXIN"
72,Health Information Services,Healthcare,96.48,50,62,21,3,"MNDR,TBRG,CTEV,DOCS,ACCD,TEM,MGRX,WAY,BTSG,EUDA,OPRX,PRVA,SY,PHR,SOLV,VEEV,HSTM,TALK,SDGR,SPOK,HQY,GEHC,WEAV,OMCL,PINC,PHLT,LFMD,FORA,CERT,BEAT,AMWL,ZCMD,TDOC,GDRX,DRIO,SOPH,SLP,STRM,BFRG,CCLD,OTRK,NRC,SHLT,FOXO,ONMD,HCAT,EVH,TXG,DH,VSEE,HCTI,WORX,MSPR,ICCT,LGMK,ACON"
73,Luxury Goods,Consumer Cyclical,96.34,49,89,91,14,"MYTE,TPR,REAL,LANV,ELA,MOV,CPRI,SIG,BRLT,CTHR,BGI"
74,Insurance - Reinsurance,Financial Services,95.9,49,81,88,92,"HG,SPNT,OXBR,GLRE,RNR,EG,RGA,MHLD"
75,Oil & Gas E&P,Energy,95.89,48,36,15,8,"KGEI,CRK,PNRG,TPL,EQT,AR,EPSN,SJT,EXE,RRC,TBN,USEG,PHX,GPOR,CTRA,CRT,HES,VRN,PVL,CNX,INDO,PRT,EP,TXO,BKV,BSM,MGY,EOG,REPX,NRT,DEC,GRNT,OVV,VIST,COP,OBE,SD,DVN,STR,PR,DMLP,VTS,PED,CNQ,EPM,MTDR,FANG,TPET,CKX,OXY,BRN,MTR,MNR,KRP,ANNA,WDS,HUSA,WTI,HPK,CRC,TALO,VET,GPRK,APA,GFR,CHRD,NOG,REI,BTE,MUR,MXC,EGY,SM,GTE,EONR,VOC,BRY,VTLE,CIVI,MVO,PROP,AMPY,KOS,BATL,NEHC"
76,Aluminum,Basic Materials,95.43,47,16,30,54,"CENX,AA,KALU,CSTM"
77,Copper,Basic Materials,95.42,47,6,8,87,"TGB,HBM,SCCO,FCX,MTAL,IE,ERO"
78,Mortgage Finance,Financial Services,95.37,46,29,14,67,"SNFCA,ONIT,COOP,RKT,IOR,PFSI,GHI,GHLD,VEL,UWMC,WD,BETR,CNF,LDI,PAPL"
79,Industrial Distribution,Industrials,95.24,45,47,56,51,"DXPE,BECN,DNOW,TITN,WSO,AIT,FAST,CNM,WCC,EVI,GWW,MSM,POOL,SITE,FERG,DSGR,REZI,BXC,GIC,TRNS"
80,Capital Markets,Financial Services,94.91,45,65,72,43,"MEGL,TIGR,HOOD,MATH,FUTU,SNEX,NCTY,MRX,VIRT,IBKR,ZBAI,SIEB,OPY,TW,LPLA,GS,PJT,SRL,MS,NMR,SCHW,PWP,SF,HLI,HGBL,BGC,PIPR,BTCS,JEF,LAZ,MC,MKTX,XP,COHN,FUFU,AMRK,HUT,EVR,MDBH,FLD,IREN,RIOT,BTBT,TOP,WULF,BTM,NCPL,CNCK,CIFR,MARA,SWIN,CLSK,WAI,SOS,FRGE,HIVE,MIGI,BITF,ANY,LGHL,ARBK,GREE,GSIW,GRYP,SLNH"
81,Publishing,Communication Services,94.76,44,46,86,89,"DALN,PSO,WLYB,WLY,NYT,LEE,GCI,SCHL,EDUC"
82,Medical Devices,Healthcare,94.64,43,60,52,19,"LNSR,RPID,NXL,LUCD,BMRA,BDMD,DCTH,SENS,AXGN,BFLY,FNA,MASS,CLPT,ICAD,MGRM,ICCM,BWAY,NPCE,PEN,MYO,XYLO,BSX,INBS,PODD,ELMD,NMTC,BVS,MASI,TMCI,NURO,IRTC,TLSI,ABT,LUNG,ATEC,QSI,MDT,IRMD,OFIX,CTSO,GMED,SNN,PTHL,XTNT,SYK,NSPR,SMLR,SIBN,MDAI,CVRX,BSGM,NVRO,INMD,PHG,ZBH,STE,VVOS,AORT,ECOR,KIDS,OWLT,ARAY,IART,AHCO,NVCR,ITGR,VMD,EW,VREX,TCMD,ESTA,CERS,HYPR,PAVM,INGN,AXDX,RBOT,AIMD,APYX,PROF,INSP,NSYS,GKOS,PRCT,SRTS,QDEL,NNOX,CNMD,VNRX,DXCM,TMDX,SRDX,QIPT,SSKN,NVNO,ELUT,HAE,RCEL,BIO,AVNS,ZIMV,UFPT,LIVN,MXCT,LFWD,VTAK,CTKB,BRKR,TIVC,AEMD,NUWE,MODD,HSCS,BBLG,PACB,IINN,SGHT,COCH,SINT,OM,TRIB,VERO,LAB,NAOV,HSDT,TNDM,RXST,QTRX,IRIX,BJDX,CODX,SERA,CATX,XAIR,TELA,MOVE,TNON,AMIX,ADGM,NAYA,ALUR,DHAI,WOK,RSLS"
83,Paper & Paper Products,Basic Materials,94.47,43,58,12,31,"ITP,SUZ,MERC,MAGN,SLVM,CLW"
84,Auto Parts,Consumer Cyclical,94.45,42,79,49,9,"HSAI,MVST,ECX,MPAA,STRT,CAAS,CPS,DAN,DORM,KNDI,ALSN,PHIN,GTX,SUP,LKQ,PLOW,APTV,GT,PRTS,GPC,ALV,BWA,LEA,LAZR,SYPR,QS,SLDP,VC,WPRT,MGA,SMP,SES,MOD,HYLN,FRSX,CREV,HLLY,MBLY,GNTX,XPEL,MLR,INVZ,AXL,MNRO,FOXF,THRM,GTEC,ADNT,REE,WKSP,SRI,CVGI"
85,Pollution & Treatment Controls,Industrials,94.35,41,45,81,94,"ADUR,ATMU,TOMZ,ERII,VLTO,ZWS,PCT,FTEK,CECO,CLIR,CHNR,FSS,CLWT,ZONE,ARQ,LIQT,SCWO"
86,Packaging & Containers,Consumer Cyclical,94.1,40,37,24,47,"YHGJ,PTVE,BERY,MGIH,IP,CCK,SLGN,OI,KRT,AMCR,TRS,PKG,SW,GPK,SON,GEF,AMBP,MYE,AVY,BALL,REYN,SEE,DSS,PACK,OCTO"
87,Semiconductors,Technology,93.97,40,86,85,49,"LAES,POET,LEDS,WKEY,CRDO,SQNS,HIMX,SITM,CEVA,ALGM,RMBS,AVGO,SMTC,SLAB,TSM,INTC,NVDA,VLN,LSCC,ALAB,AIP,ADI,TXN,MTSI,CRUS,ASX,QCOM,TSEM,MU,SIMO,UMC,VSH,NXPI,MRVL,MX,GFS,ARM,MPWR,PXLW,NVEC,POWI,QRVO,GSIT,IMOS,MRAM,AOSL,SYNA,STM,LASR,SKYT,AMD,MCHP,PRSO,MXL,DIOD,SWKS,NVTS,ICG,ON,PI,QUIK,WOLF,GCTS,MOBX"
88,Tools & Accessories,Industrials,93.7,39,48,40,71,"RBC,SNA,LECO,TKR,HLMN,SWK,EML,KMT,CVR,TTC"
89,Railroads,Industrials,93.57,38,66,77,86,"WAB,RAIL,UNP,GBX,NSC,TRN,CP,CSX,CNI,FSTR,RVSN"
90,Electronics & Computer Distribution,Technology,93.25,38,40,47,75,"CLMB,SNX,TAIT,AVT,CNXN,NSIT,ARW,SCSC,IZM"
91,"Furnishings, Fixtures & Appliances",Consumer Cyclical,93.17,37,45,52,85,"ATER,VIOT,EFOI,KEQU,BSET,SN,SGI,PATK,TILE,NTZ,HBB,FGI,LZB,ETD,FLXS,MHK,HNI,WHR,PRPL,NVFY,OESX,SCS,NCL,MBC,CRWS,VIRC,LCUT,MLKN,LOVE,HOFT,AMWD,LEG,COOK,SNBR,IRBT"
92,Utilities - Diversified,Utilities,92.9,36,32,22,56,"AVA,ALE,UTL,AQN,CIG,BIP,SRE,AES,MNTK"
93,Farm & Heavy Construction Machinery,Industrials,92.41,36,52,82,18,"AGFY,REVG,CEAD,DE,CNH,LNN,TWI,ASTE,ARTW,ALG,CAT,AGCO,OSK,MTW,PCAR,XOS,HY,TEX,BLBD,SHYF,GENC,WNC,GP,CMCO,UGRO,HYFM"
94,Financial Data & Stock Exchanges,Financial Services,92.3,35,40,59,63,"CME,ICE,CBOE,NDAQ,SPGI,MCO,MSCI,TRU,MORN,FDS,VALU,COIN,DNB,MKTW,BTOG"
95,REIT - Industrial,Real Estate,91.46,34,24,5,73,"FR,TRNO,EGP,MDV,LXP,PSA,PLD,STAG,NSA,EXR,CUBE,ILPT,REXR,COLD,PLYM,LINE,IIPR"
96,Textile Manufacturing,Consumer Cyclical,91.27,34,42,28,71,"CULP,AIN,UFI"
97,Airports & Air Services,Industrials,91.13,33,29,41,6,"ASLE,JOBY,OMAB,PAC,CAAP,ASR,BLDE,UP,SOAR"
98,Leisure,Consumer Cyclical,91.06,32,74,86,42,"DOGZ,AS,LTH,PTON,PLNT,AOUT,PLBY,OSW,MAT,ESCA,JAKK,HAS,GOLF,MSGE,PRKS,YETI,LUCK,FUN,FNKO,CLAR,JOUT,MODG,XPOF,SRM,MMA,HWH,GDHG,YYAI,NWTG"
99,Medical Distribution,Healthcare,89.58,31,38,35,13,"MCK,CAH,PDCO,COR,AHG,HSIC,EDAP,COSM,OMI,ZYXI"
100,Packaged Foods,Consumer Defensive,89.49,31,43,40,40,"JVA,LFVN,SENEB,LSF,SENEA,LWAY,PPC,K,BOF,NCRA,COOT,PAVS,BRBR,NOMD,MKC,HLF,KLG,POST,INGR,FARM,SJM,MAMA,BRID,BRLS,LANC,HRL,FTLF,SMPL,KHC,RKDA,WEST,CAG,CENTA,GIS,BRFS,CPB,BGS,CENT,FLO,DAR,NATR,JJSF,UTZ,CLNN,JBSS,NAII,THS,BYND,USNA,LW,FRPT,DDC,BTTR,OTLY,BRCC,IMG,ATPC,STKH,HAIN,ABVE,FAMI,HCWC,SOWG"
101,Specialty Business Services,Industrials,89.41,30,39,45,80,"TISI,NISN,ULS,RBA,UNF,LZ,KODK,RELX,DLB,TRI,CTAS,AZZ,CASS,QUAD,PMEC,WFCF,CBZ,ARMK,PRSU,CPRT,ABM,NTIP,BV,GPN,MMS,RTO,SGRP,FA,AMTM,SPIR,TH,PC,CMPR,DLHC,SST,SMX,PMAX"
102,Medical Instruments & Supplies,Healthcare,89.33,29,34,38,48,"PDEX,MBOT,ANGO,MLSS,FEMY,NYXH,ATRC,ZTEK,PLSE,MMSI,POAI,WRBY,BLFS,ICUI,ISRG,STVN,SMTI,ALC,LMAT,KRMD,RMD,BDX,BAX,DXR,ATR,RGEN,NXGL,RVP,BLCO,STXS,NVST,NEPH,UTMD,POCI,COO,HOLX,EMBC,OSUR,INFU,MHUA,AVTR,AZTA,TFX,ALGN,WST,XRAY,AKYA,STAA,EKSO,LUCY,ZJYL,HBIO,BNGO,STSS,GCTK"
103,Resorts & Casinos,Consumer Cyclical,89.09,29,52,39,27,"PLYA,MCRI,BYD,FLL,HGV,WYNN,PENN,LVS,RRR,GDEN,MLCO,MTN,MGM,VAC,CZR,CNTY,MSC"
104,Conglomerates,Industrials,89.06,28,26,42,39,"MMM,CRESY,MDU,BBU,VMI,SPLP,OTTR,AIRTP,GFF,HON,TRC,FBYD,SEB,BOC,MATW,AIRT,BOOM,CODI,PLAG,DLX,HHS,RCMT,FIP,TUSK,NNBR,EFSH"
105,Waste Management,Industrials,88.81,27,13,26,54,"ESGL,AWX,GFL,RSG,CWST,WM,WCN,AMBI,CLH,NVRI,AQMS,PESI,MEG,CDTG,QRHC,GWAV,LNZA"
106,REIT - Diversified,Real Estate,88.37,27,27,73,83,"WPC,VICI,GNL,BNL,CTO,OLP,GOOD,MDRR,SAFE,AAT,ESRT,MKZR,SQFT,AHH,NXDT,GIPR"
107,Personal Services,Consumer Cyclical,88.09,26,21,29,10,"RGS,EM,YYGH,CSV,BFAM,ROL,SCI,HRB,FTDR,EJH,MED,WW,MRM,TRNR,IVP"
108,Oil & Gas Refining & Marketing,Energy,87.68,25,9,2,4,"SGU,CAPL,DKL,SUN,WKC,PSX,VLO,MPC,CVI,UGP,DK,IEP,DINO,CSAN,AMTX,PARR,CLNE,PBF"
109,REIT - Office,Real Estate,87.53,24,23,22,74,"VNO,CUZ,NLOP,PSTL,FSP,PKST,HIW,DEI,CIO,BXP,JBGS,CDP,KRC,SLG,PDM,DEA,BDN,PGRE,ARE,FISK,ESBA,HPP,OGCP,CMCT,ONL,EQC,OPI"
110,Household & Personal Products,Consumer Defensive,87.19,24,35,34,24,"HIMS,YSG,HNST,KVUE,KMB,UL,ACU,CHD,GROV,PG,UG,CL,IPAR,CLX,NUS,EPC,SPB,NWL,SKIN,WALD,EL,HELE,COTY,RAY,EWCZ,XAGE,ELF,DSY"
111,Apparel Manufacturing,Consumer Cyclical,86.43,23,50,59,53,"JXG,JRSH,RL,GIL,HBI,VFC,LAKE,COLM,VNCE,KTB,LEVI,GIII,PMNT,UA,UAA,FIGS,PLCE,GOOS,ZGN,OXM,SGC,PVH,NCI,XELB,LITB"
112,REIT - Hotel & Motel,Real Estate,85.95,22,27,33,34,"IHT,BHR,SOHOB,SOHOO,SOHON,RHP,DRH,SHO,APLE,INN,XHR,RLJ,AHT,CLDT,HST,SVC,PK,PEB,SOHO"
113,Lumber & Wood Production,Basic Materials,85.62,22,15,4,27,"JCTC,UFPI,WFG,SSD,NWGL"
114,Residential Construction,Consumer Cyclical,85.55,21,6,15,96,"CVCO,SKY,LEGH,TMHC,GRBK,PHM,NVR,DHI,MHO,MTH,TOL,KBH,IBP,TPH,DFH,LEN,BZH,HOV,LGIH,UHG"
115,Advertising Agencies,Communication Services,85.5,20,22,13,22,"ABLV,BAOS,MCHX,TZOO,EVC,TZUP,ANTE,QMMM,NEXN,MGNI,QNST,NCMI,ACCS,SWAG,CRTO,STGW,KRKR,OMC,IPG,IAS,VSME,LDWY,WPP,CCO,TSQ,WIMI,DLPN,EEX,ZD,FLNT,CNET,CHR,DRCT,TC,LKCO,ADV,CDLX"
116,Confectioners,Consumer Defensive,85.39,20,11,16,17,"TR,MDLZ,HSY,RMCF"
117,Agricultural Inputs,Basic Materials,85.28,19,24,2,5,"IPI,ICL,CTVA,NTR,MOS,UAN,NITO,CF,SMG,FMC,AVD,LVRO,ENFY,SEED,BIOX,BHIL"
118,Tobacco,Consumer Defensive,85.1,18,31,13,27,"TPB,PM,BTI,MO,RLX,UVV,KAVL,ISPR,GNLN,XXII"
119,Specialty Chemicals,Basic Materials,84.61,18,20,19,47,"FSI,GEVO,ODC,SQM,APD,ECL,HWKN,LIN,TSE,NGVT,BCPC,SXT,ESI,SHW,NEU,AXTA,DD,PRM,RPM,EMN,WDFC,CMT,AVNT,ALTO,PPG,IFF,HDSN,MTX,CBT,IOSP,LYB,ECVT,ALB,NTIC,KWR,BGLC,KOP,SCL,WLK,LOOP,FF,OEC,CLMT,FUL,KRO,CC,SSL,ASH,SNES,MATV,CNEY,LWLG,FEAM,BON"
120,Uranium,Energy,84.14,17,13,47,36,"LEU,CCJ,UEC,UROY,DNN,UUUU,URG,NXE,EU"
121,Consumer Electronics,Technology,83.95,16,42,32,6,"VUZI,SONY,AXIL,VOXX,ZEPP,KOSS,MSN,AAPL,TBCH,LPL,SONO,UEIC,GPRO,FOXX,WTO,FEBO,WLDS,RIME"
122,Real Estate - Development,Real Estate,83.94,15,25,11,40,"FPH,MRNO,XIN,OZ,AEI,AXR,VTMX,CCS,LPA,FOR,SDHC,LSEA,LRE,SGD"
123,Biotechnology,Healthcare,83.91,15,10,18,26,"BCTX,DBVT,XCUR,CRVO,VRNA,PULM,IBIO,LENZ,MESO,IBO,DOMH,SRRK,PVLA,COEP,XERS,ATHE,SMMT,CADL,NAGE,BNTC,TGTX,QURE,CVKD,ADPT,CRMD,OMER,TVTX,TRVI,PGEN,CAPR,PLX,CHRO,AKRO,NVCT,CSBR,ATYR,GOSS,ZLAB,AVXL,CKPT,ADMA,NTRB,DWTX,VSTM,CORT,TENX,ALDX,ARQT,ELTX,CMPX,PTCT,CARA,INSM,UBX,CDTX,GNLX,AXSM,RIGL,PTGX,DMAC,MGTX,ONC,OCS,GHRS,CRVS,INKT,TARA,ALNY,VALN,TVGN,MLYS,TLSA,GANX,SILO,INMB,EXEL,HALO,MIRM,TSVT,TARS,QNCX,AMLX,SWTX,EPRX,ELDN,WVE,LQDA,BBIO,CPRX,ARGX,BLTE,GDTC,MDGL,RPRX,AUPH,SRZN,IKT,SPRY,MIST,ZVRA,ASND,SLS,CNTA,JAZZ,KALV,PBYI,NAMS,LGND,KALA,HOTH,HRTX,OKYO,OPT,BRTX,ZYME,ICCC,THTX,VRTX,KRYS,MURA,ATAI,ANIX,REPL,IVA,RYTM,ABVC,CRDF,SLNO,SAGE,TIL,CMMB,DSGN,COYA,SNTI,IRD,IMNN,HRMY,ABUS,FENC,GLYC,ITRM,UNCY,TBPH,EWTX,VNDA,MDXG,NEUP,GTBP,NRXP,WHWK,ETNB,AVTE,MRUS,PHAR,INVA,ACAD,MDWD,GNTA,GLUE,ENTX,UTHR,AKTX,CELZ,ESLA,CYCN,ANEB,IMRX,ELVN,BMRN,VTGN,ACLX,VTVT,CUE,RVMD,SEER,ROIV,INCY,CVAC,XLO,SPRC,BCDA,RNA,IRON,EQ,AVTX,BPMC,FBIO,ANTX,BNTX,ORMP,DRTS,URGN,IVVD,VERV,SGMO,IOBT,MNKD,IMUX,GNFT,TECX,INBX,VCEL,AVIR,SGMT,MNOV,ARTL,LTRN,ARDX,CMND,OCUL,NUVL,IPHA,AVBP,GLPG,AURA,ABEO,SNSE,RZLT,MNMD,CANF,NRSN,EDSA,PCVX,NVAX,SCNI,MBRX,RAPT,RXRX,KZR,COGT,IGC,LVTX,LEGN,XENE,LGVN,SYBX,TTNP,FOLD,NBY,ENTO,PSTV,VRDN,CGEN,OBIO,RARE,CLSD,KPRX,BEAM,PLUR,CYTK,NNVC,IMMX,ADXN,KRON,IMCR,ABSI,ACTU,IKNA,NKTR,VIR,RNAC,CSCI,DYAI,TELO,CYCCP,DTIL,XBIO,NRXS,NBTX,APGE,KYMR,SLGL,PMCB,IONS,FBIOP,GMAB,ANAB,MCRB,CGON,SNDX,RNXT,LSTA,MLTX,TECH,PMVP,VANI,VYNE,CRSP,PYPD,VOR,HUMA,IMMP,ABCL,AGIO,MAIA,MEIP,XOMA,TRML,COCP,ACRV,ANL,IMRN,ORIC,BYSI,SNPX,SANA,PRTA,SLDB,APLM,GYRE,STOK,ADVM,BRNS,KOD,GLSI,ATNM,VIGL,CDIO,PHVS,PRQR,DNTH,RGNX,ALT,ASMB,RANI,DRMA,GRCE,SVRA,GLTO,ARMP,DARE,SCPH,VRAX,VERU,PTN,REGN,RGLS,ENTA,NUVB,MOLN,IBRX,CELC,TSHA,RNTX,PRTC,LIPO,IFRX,VXRT,BHVN,ONCY,SPRB,ITOS,LCTX,MLEC,HURA,CYBN,IMAB,CLGN,ABVX,TPST,CNTB,LSB,CING,ADAG,LPCN,GALT,IMVT,CRNX,ENLV,NERV,FHTX,TRDA,CDXS,BOLT,NRIX,EYPT,INTS,RVPH,LYRA,MREO,CLRB,CLLS,SPRO,LEXX,SYRE,APRE,VERA,IPA,ARWR,ATRA,BCAX,ALLO,CHRS,ACIU,PRAX,ERAS,CASI,ARCT,ACHV,SLRN,FULC,PASG,CELU,ENGN,ZBIO,ICU,SER,JANX,ALGS,ATOS,DNLI,TYRA,FBRX,APM,XRTX,LIXT,ACET,EVGN,ADIL,DNA,ADCT,APLS,PHAT,CGEM,OCGN,PHGE,DAWN,CLDX,XTLB,OABI,GLMD,GOVX,GPCR,SNGX,ATXS,FGEN,TNXP,SRPT,IMNM,XNCR,HLVX,STTK,ATNF,CALC,VKTX,INAB,MTVA,LYEL,IDYA,RENB,INO,RLYB,KURA,OTLK,VYGR,CARM,RCUS,CGTX,PDSB,MRNA,SAVA,KRRO,XBIT,IMTX,PMN,TSBX,OSTX,EDIT,EPIX,CRIS,SLXN,PROK,TOVX,INDP,PRTG,RLAY,SLRX,CTMX,CNTX,ABOS,SABS,BDTX,KPTI,RPTX,AUTL,HOWL,GRI,AIM,NTLA,ONVO,ALZN,HCWB,PRME,ALLR,QLGN,BMEA,ENSC,RCKT,CYCC,THAR,ORKA,PYXS,OLMA,TERN,OGEN,CRBU,NXTC,MGNX,KAPA,ZURA,NGNE,RAPP,VTYX,QNRX,PPBT,AZTR,ERNA,BCYC,TCRT,SKYE,MTNB,GERN,ALEC,BOLD,MGX,ZNTL,CCCC,YMAB,CTNM,NLSP,ATHA,VRCA,LRMR,CABA,GUTS,CLDI,PRLD,ANNX,NAUT,OKUR,SONN,DYN,GNPX,CLYM,BCLI,ANRO,CBUS,NKTX,XFOR,IOVA,KYTX,OVID,AFMD,ARTV,ZVSA,RLMD,KROS,TCRX,APTO,FTRE,FDMT,HOOK,BIVI,NCNA,TNGX,CNSP,MBX,PTIX,TRAW,ARVN,ADAP,ALMS,ACXP,FBLG,APVO,KLTO,PHIO,AGEN,IPSC,KZIA,BLUE,FATE,KTTA,MRVI,SLN,TNYA,PCSA,ELEV,QTTB,LXRX,MRKR,THRD,GBIO,STRO,LXEO,CTXR,CVM,REVB,ANVS,APLT,ALLK,PEPG,PALI,INZY,BLRX,CRBP,ALXO,CRGX,EVAX,BDRX,BTAI,BCAB,JSPR,TNFA,MRSN,SXTP,ABP,PBM,JAGX,VRPX,LPTX,RNAZ,ONCO,IGMS,ELAB,PLRX,MBIO,NMRA,EYEN,CERO,VINC,OCEA,ADTX,CDT,ASBP,WINT,HEPA,ENVB,SCPX,AEON"
124,Farm Products,Consumer Defensive,83.79,14,19,9,13,"SANW,CALM,AGRO,ALCO,FDP,TSN,DOLE,LND,VITL,LOCL,DTCK,ADM,BG,AFRI,VFF,SDOT,LMNR,AQB,AGRI,EDBL,SISI"
125,Building Products & Equipment,Industrials,83.47,13,18,49,85,"LMB,PPIH,SWIM,JCI,AWI,CARR,TT,LII,LPX,SPXC,MAS,APT,ROCK,AIRJ,ARLO,AZEK,CSL,OC,FBIN,INVE,GMS,JBI,AAON,WMS,TREX,BLDR,APOG,NX,ILAG,CSTE,JELD,ASPN,STAI,AEHL"
126,Electronic Gaming & Multimedia,Communication Services,83.44,13,18,24,20,"GDC,SNAL,RBLX,TTWO,GIGM,SOHU,NTES,EA,MSGM,DDI,GRVY,SKLZ,GMGI,GAME,GDEV,MYPS,TRUG,PLTK,GXAI,GCL,GMHS,BHAT"
127,Marine Shipping,Industrials,82.93,12,8,6,57,"HTCO,ZIM,CCEC,DAC,GSL,MATX,GASS,KEX,BWLP,HSHP,ECO,PANL,NMM,SBLK,SB,ESEA,GLBS,SHIP,PSHG,GNK,CMRE,DSX,EDRY,SFL,GOGL,HAFN,CTRM,ASC,TORO,USEA,SMHI,OP,CISS,ICON"
128,Auto Manufacturers,Consumer Cyclical,82.61,11,3,1,0,"XPEV,NIU,CYD,PEV,ZK,LI,PSNYW,PSNY,GM,HMC,RACE,TM,TSLA,NIO,RIVN,F,LCID,VFS,ECDA,STLA,CENN,FLYE,FFAI,AYRO,LOBO,CJET,GGR,ZAPP,NWTN,AIEV,LOT,LVWR,EVTV,WKHS,VLCN,MULN"
129,Pharmaceutical Retailers,Healthcare,81.56,11,14,56,0,"SSY,WBA,HITI,PETS,RDGT,SCNX"
130,Semiconductor Equipment & Materials,Technology,81.23,10,31,25,15,"ACMR,ATOM,TRT,DQ,KLAC,NVMI,ASYS,AMBA,INTT,LRCX,ASML,PLAB,ENTG,IPGP,ICHR,AMAT,CAMT,KLIC,ONTO,SMTK,TER,AEHR,FORM,VECO,AMKR,AXTI,UCTT,ACLS,COHU,INDI"
131,Staffing & Employment Services,Industrials,80.32,9,4,27,31,"BBSI,HSII,MHH,HQI,NSP,KFY,NIXX,MAN,JOB,KFRC,KELYB,TNET,RHI,KELYA,ZIP,HSON,TBI,GLXG,BGSF,IPDN"
132,Department Stores,Consumer Cyclical,79.67,9,30,29,30,"JWN,DDS,M,KSS"
133,Home Improvement Retail,Consumer Cyclical,79.02,8,15,6,38,"TTSH,HD,LOW,HVT,FND,KIRK,LIVE"
134,Oil & Gas Drilling,Energy,77.98,7,5,3,7,"SOC,PTEN,HP,RIG,PDS,NE,NBR,SDRL,BORR"
135,Consulting Services,Industrials,77.11,6,2,4,11,"HURN,ROMA,VRSK,CRAI,EFX,GRNQ,FCN,BAH,RGP,AERT,ICFI,INTJ,FORR,SBC,VCIG"
136,Chemicals,Basic Materials,76.96,6,7,11,79,"ASPI,WLKP,LXU,REX,RYAM,ASIX,VHI,ORGN,MEOH,GURE,HUN,DOW,BAK,OLN,CE,TROX,GPRE"
137,Trucking,Industrials,76.11,5,4,36,35,"SNDR,CVLG,XPO,KNX,ODFL,RXO,MRTN,WERN,HTLD,PAMT,SAIA,ARCB,ULH,YGMZ,TFII"
138,Apparel Retail,Consumer Cyclical,75.13,4,17,51,59,"CURV,URBN,SFIX,TJX,LULU,CTRN,BURL,BKE,AKA,LE,GAP,ROST,BOOT,VSCO,ZUMZ,CATO,GCO,GES,FL,JILL,CRI,DXLG,AEO,SCVL,CAL,RENT,DLTH,TLYS,BIRD,ANF,LVLU"
139,Specialty Retail,Consumer Cyclical,75.08,4,12,36,45,"GME,ORLY,AZO,BBW,CASY,TKLF,EYE,WSM,TSCO,RECT,MUSA,MNSO,DKS,EVGO,BARK,BNED,BWMX,WINA,BBY,ULTA,ASO,BBWI,RH,ARHS,ONEW,HZO,AAP,SBH,WOOF,FLWS,OLPX,BQ,TLF,GRWG,FIVE,JBDI,ARKO,ZOOZ,SVV,CHPT,ODP,BGFV,NVVE,SPWH,NAAS,LESL,FTEL"
140,Footwear & Accessories,Consumer Cyclical,73.21,3,22,65,69,"ONON,FOSL,WWW,WEYS,FORD,SKX,BIRK,CROX,NKE,DECK,RCKY,DBI,SHOO,VRA,AREB"
141,Solar,Technology,71.2,2,1,0,1,"TURB,CSLR,NXT,JKS,TYGO,VVPR,SOL,SMXT,SPRU,SEDG,ARRY,CSIQ,FTCI,ENPH,TOYO,FSLR,ZEO,RUN,SHLS,BEEM,ASTI,MAXN,VSTE,NOVA,SUNE"
142,Coking Coal,Basic Materials,70.84,2,0,27,2,"SXC,HCC,METC,METCB,AREC,AMR"
143,Business Equipment & Supplies,Industrials,69.09,1,2,53,20,"EBF,ACCO,ACTG,EHGO"
144,Recreational Vehicles,Consumer Cyclical,68.01,0,0,0,4,"MAMO,MCFT,MPX,LCII,THO,MBUU,BC,HOG,VEEE,DOOO,WGO,PII,EZGO,VMAR"
145,Beverages - Wineries & Distilleries,Consumer Defensive,67.06,0,9,7,2,"WVVI,SNDL,WVVIP,DEO,MGPI,IBG,YHC,SBEV,BLNE"
